Filename,Extracted_Text,Category,Cleaned_Text
10030015.pdf,"ENGINEERING LAB TECHNICIAN
Career Focus
My main objective in seeking employment with Triumph Actuation Systems Inc. is to work in a professional atmosphere where I can utilize my
skills and continue to gain experience in the aerospace industry to advance in my career.
Professional Experience
Engineering Lab Technician Oct 2016 to Current
Company Name ï¼​ City , State
Responsible for testing various seat structures to meet specific certification requirements. Â
Maintain and calibrate test instruments to ensure testing capabilities are maintained.
Ensure data is captured and recorded correctly for certification test reports.
Duties also dynamic test set-up and static suite testing.
Engineering Lab Technician, Sr. Specialist Apr 2012 to Oct 2016
Company Name ï¼​ City , State
Utilized skills learned from LabView Course 1 training to construct and maintain LabView VI programs.
Responsible for fabricating and maintaining hydraulic/electrical test equipment to complete development and qualification programs.
Apply engineering principles to operate electrical, mechanical, and hydraulic systems to test pumps, motors, and actuators for aircraft.
Work closely with Design Engineers and Lab Management to investigate performance/design issues.
Completed Lean Six Sigma/5s training seminar.
Assembly/ Test Technician Mar 2007 to Mar 2012
Company Name ï¼​ City , State
Lead technician overseeing three member crew responsible for maintaining high quality standards in a high volume production environment.
Responsible for cargo door system actuators for Boeing 787 aircraft.
Experience with hydraulic components that meet military and FAA regulations.
Work closely with Engineering Group and Quality Assurance inspectors to resolve problems with development actuators.
Munitions Systems Journeyman Mar 2003 to Mar 2007
Company Name ï¼​ City , State
Responsible for certifying small arms, actuation devices, bombs, rockets and other munitions items.
Supervised work crews of 3-5 men while supporting USAF aircraft during Operation Enduring Freedom.
Assembled rockets, bombs, and small arms for Operation Enduring Freedom.
Train newly assigned personnel at Line Delivery section on transporting, loading, and delivering munitions to aircraft.
Skills
DasyLab, Labview, Mechanical, Electrical, Lean/5S, Hydraulic Testing, Test Stand Fabrication
Education and Training
Associates , Applied Science Electronics Engineering 2011 Forsyth Technical Community College ï¼​ City , State Applied Science Electronics
Engineering
Associates , Applied Science, Munitions Systems Technology 2007 Community College of the Air Force ï¼​ City , State Applied Science,
Munitions Systems Technology
",Engineering,engineering lab technician career focus main objective seeking employment triumph actuation systems inc work professional atmosphere utilize skills continue gain experience aerospace industry advance career professional experience engineering lab technician oct current company name city state responsible testing various seat structures meet specific certification requirements maintain calibrate test instruments ensure testing capabilities maintained ensure data captured recorded correctly certification test reports duties also dynamic test set static suite testing engineering lab technician sr specialist apr oct company name city state utilized skills learned labview course training construct maintain labview vi programs responsible fabricating maintaining hydraulic electrical test equipment complete development qualification programs apply engineering principles operate electrical mechanical hydraulic systems test pumps motors actuators aircraft work closely design engineers lab management investigate performance design issues completed lean six sigma training seminar assembly test technician mar mar company name city state lead technician overseeing three member crew responsible maintaining high quality standards high volume production environment responsible cargo door system actuators boeing aircraft experience hydraulic components meet military faa regulations work closely engineering group quality assurance inspectors resolve problems development actuators munitions systems journeyman mar mar company name city state responsible certifying small arms actuation devices bombs rockets munitions items supervised work crews men supporting usaf aircraft operation enduring freedom assembled rockets bombs small arms operation enduring freedom train newly assigned personnel line delivery section transporting loading delivering munitions aircraft skills dasylab labview mechanical electrical lean hydraulic testing test stand fabrication education training associates applied science electronics engineering forsyth technical community college city state applied science electronics engineering associates applied science munitions systems technology community college air force city state applied science munitions systems technology
10219099.pdf,"EQUIPMENT ENGINEERING TECHNICIAN
Professional Summary
SkilledÂ Maintenance MechanicÂ Technician with superb problem solving and multi-tasking skills. Self-directed and motivated worker. To obtain
a position where Teamwork, Integrity and Proffesionalism are a high standard in the Company's Mission Statement. All while engaing in new
challenges and learning experiences.
Skills
Â· Proficient in the use of PC's, MSÂ
office, 10key by touch and Customer
Â·Â Â 20 years of Material Management experienceÂ with State and Federal Government Â· 13
Service skills.
years of Law Enforcement experience with the United States Marine Corps and Army National
Â·Â Forklift and Crane Certified
Guard.
Â·Â Self motivated to Lead and Achieve
Â·Â Knowledge of mechanical test equipment.
Company goals with excellence, integrity
Â· Work from written/verbal instructions, schematics, rough sketches, troubleshooting diagrams,
and efficiency.
layouts and plans, interpretation and application of technical knowledge and understanding of
Â· NDT Level II
mechanical theory and principles.
Â Â· Knowledge on mechanical, pneumatic
and hydraulic theory and principlesÂ Â
Work History
Equipment Engineering Technician 05/2014 to Current
Company Name â€“ City , State
Responsibility for designing/selecting robotic systems, run simulation, implementation, commission and programming.
Support and assist maintenance team in troubleshooting difficult breakdowns and chronic equipment failures.
Conduct the installation of factory automation and electrical control systems for manufacturing equipment Provide Troubleshooting of
electrical systems in plant manufacturing equipment Provide effective direction, coaching, and OJT to fellow employees on shift to boost
their skill sets, and help Production achieve their goals.
Plan and organize between shift and weekend work, including verification, for smooth operations.
Assist the Supervisor in developing PMs and procedures for maintaining all of the equipment in the shop.
Provide shift- to-shift communication in order to keep all associates up to speed and working toward the same goals.
Set an example, and ensure that all associates comply with safety regulations and the plant's safety program.
Work with engineers and fellow technicians to resolve technical problems.
Assist in candidate selection as requested.
Maintain departmental records Maintain spare parts inventory.
Identify and order needed parts, maintain tracking system.
Perform other duties as assigned by the Supervisor and Manager.
Mechanical Technician 04/2013 to 05/2014
Company Name â€“ City , State
Implement repair services on all production equipment, auxiliary equipment and building equipment using hand tools, testing tools, manual
drawings, computer and any other tools necessary to accomplish the task.
Provide reliable, high quality customer support through on-site inspecting, installing, repairing and/or replacing fire alarm equipment as well
as conducting preventive maintenance services pertaining to many different manufacturers equipment.
Ensure conveyor belts working effectively
Operating Engineer / Test Technician 11/2007 to 06/2012
Company Name â€“ City , State
Operates, repair and maintain Facility/Plant Machinery, Test Equipment, Lubrication and Cooling Systems and High Pressure Systems for
NASA unitary Wind Tunnels.
Constructs, modifies, maintains and services wind and propulsion tunnel research facilities used to test models of aircraft components,
utilizing knowledge of engineering test methods and procedures.
Installs and aligns mechanical hydraulic and pneumatic test equipment and models on support structures.
Installs instrumentation, thermocouples and pressure taps on model and test equipment.
Inspects test setup and operates equipment to detect and correct malfunctions.
Maintains instrumentation equipment and accessories for pressure valves, icing indicators, drive units, spray units, and pumps.
Confers with engineering and other personnel during testing and modifies model, test support structure, or test equipment as directed.
Inspect, test, and install fire sprinkler systems, standpipe systems, fire pumps, and clean agent systems at various industrial, commercial and
institutional facilities in accordance with various codes.
Perform inspections, test and repair/replace fire hoses and fire hydrants.
Generate reports based on inspection findings.
Logistics Coordinator / Sr. Lab technician 10/2006 to 11/2007
Company Name â€“ City , State
Coordinates all incoming and outgoing shipments of solar arrays, panels, shipping containers and ground support equipment.
Interfaces with Metrology personnel to ensure calibrated equipment needs are prioritized and maintains inventory of the Section's calibrated
equipment.
Supports work in progress, troubleshoots manufacturing problems caused by test equipment.
Coordinates proof loading and non-destructive testing of lifting fixtures and handling equipment.
Maintains inventory of industrial supplies.
Disposes of hazardous materials and coordinates area compliance.
Understands and follows the 20 elements of ISO 9001.
Production Control Analyst 11/2004 to 05/2006
Company Name â€“ City , State
Expedites materials through production processes, coordinates actions with other departments, verifies kit hardware completeness and
configuration, requests drawings and materials to be issued from stores.
Resolves aging work orders, generates Non-conforming Material Reports (NCMR's).
Interfaces with process engineers, manufacturing operators and supervisors to control and analyze the movement of production.
Resolves complex constraints for any WIP that may cause schedule delays, problem solve all audit issue on work centers.
Perform internal and external expediting of critical parts and initiate and process scrap tags, and process miscellaneous issue requests.
Extensive use of the Promis software.
Trains new hires in Class 100 clean room protocol and enforces violations.
Procurement of all clean room articles and consumables with outside vendors.
Supervises courier team of 5 to ensure proper transport of company assets from site to site.
Material/Production Planner 07/2001 to 02/2004
Company Name â€“ City , State
Expedites materials through production processes, coordinates actions with other departments, verifies kit hardware completeness and
configuration, requests drawings and materials to be issued from stores.
Resolves aging work orders, generates Non-conforming Material Reports (NCMR's), and generates shipping packing lists and invoice
documents.
Responsible for scheduling, releasing, updating, and closing work orders in a timely manner.
Reports oral and written status of work progress to internal customers.
Interfaces with all Operations functions
Education
General Courses : Monterey Peninsula College - City , State
Technical Diploma : San Francisco Police Academy - City , State
Accomplishments
Writes DSN's for over shipment, wrong parts, and or no certification.
Completes memo receivers for parts with no PO reference or those returned for repair.
Coordinates efficient flow of materials and analyzes required capacity in processes with involved departments to ensure a smooth and timely
operation.
Extensive use in all Microsoft Office applications and the following software: WDS, LSS, CAVS II.
Skills
automation, closing, coaching, oral, hardware, customer support, designing, direction, hand tools, inventory, ISO 9001, Machinery, materials,
mechanical, personnel, processes, Procurement, programming, progress, quality, Quality Control, Receiving, repairs, repairing, research, robotic
systems, safety, scheduling, shipping, simulation, Supervisor, Test Equipment, Troubleshooting, written, articles
",Engineering,equipment engineering technician professional summary skilled maintenance mechanic technician superb problem solving multi tasking skills self directed motivated worker obtain position teamwork integrity proffesionalism high standard company mission statement engaing new challenges learning experiences skills proficient use pc ms office key touch customer years material management experience state federal government service skills years law enforcement experience united states marine corps army national forklift crane certified guard self motivated lead achieve knowledge mechanical test equipment company goals excellence integrity work written verbal instructions schematics rough sketches troubleshooting diagrams efficiency layouts plans interpretation application technical knowledge understanding ndt level ii mechanical theory principles knowledge mechanical pneumatic hydraulic theory principles work history equipment engineering technician current company name city state responsibility designing selecting robotic systems run simulation implementation commission programming support assist maintenance team troubleshooting difficult breakdowns chronic equipment failures conduct installation factory automation electrical control systems manufacturing equipment provide troubleshooting electrical systems plant manufacturing equipment provide effective direction coaching ojt fellow employees shift boost skill sets help production achieve goals plan organize shift weekend work including verification smooth operations assist supervisor developing pms procedures maintaining equipment shop provide shift shift communication order keep associates speed working toward goals set example ensure associates comply safety regulations plant safety program work engineers fellow technicians resolve technical problems assist candidate selection requested maintain departmental records maintain spare parts inventory identify order needed parts maintain tracking system perform duties assigned supervisor manager mechanical technician company name city state implement repair services production equipment auxiliary equipment building equipment using hand tools testing tools manual drawings computer tools necessary accomplish task provide reliable high quality customer support site inspecting installing repairing replacing fire alarm equipment well conducting preventive maintenance services pertaining many different manufacturers equipment ensure conveyor belts working effectively operating engineer test technician company name city state operates repair maintain facility plant machinery test equipment lubrication cooling systems high pressure systems nasa unitary wind tunnels constructs modifies maintains services wind propulsion tunnel research facilities used test models aircraft components utilizing knowledge engineering test methods procedures installs aligns mechanical hydraulic pneumatic test equipment models support structures installs instrumentation thermocouples pressure taps model test equipment inspects test setup operates equipment detect correct malfunctions maintains instrumentation equipment accessories pressure valves icing indicators drive units spray units pumps confers engineering personnel testing modifies model test support structure test equipment directed inspect test install fire sprinkler systems standpipe systems fire pumps clean agent systems various industrial commercial institutional facilities accordance various codes perform inspections test repair replace fire hoses fire hydrants generate reports based inspection findings logistics coordinator sr lab technician company name city state coordinates incoming outgoing shipments solar arrays panels shipping containers ground support equipment interfaces metrology personnel ensure calibrated equipment needs prioritized maintains inventory section calibrated equipment supports work progress troubleshoots manufacturing problems caused test equipment coordinates proof loading non destructive testing lifting fixtures handling equipment maintains inventory industrial supplies disposes hazardous materials coordinates area compliance understands follows elements iso production control analyst company name city state expedites materials production processes coordinates actions departments verifies kit hardware completeness configuration requests drawings materials issued stores resolves aging work orders generates non conforming material reports ncmr interfaces process engineers manufacturing operators supervisors control analyze movement production resolves complex constraints wip may cause schedule delays problem solve audit issue work centers perform internal external expediting critical parts initiate process scrap tags process miscellaneous issue requests extensive use promis software trains new hires class clean room protocol enforces violations procurement clean room articles consumables outside vendors supervises courier team ensure proper transport company assets site site material production planner company name city state expedites materials production processes coordinates actions departments verifies kit hardware completeness configuration requests drawings materials issued stores resolves aging work orders generates non conforming material reports ncmr generates shipping packing lists invoice documents responsible scheduling releasing updating closing work orders timely manner reports oral written status work progress internal customers interfaces operations functions education general courses monterey peninsula college city state technical diploma san francisco police academy city state accomplishments writes dsn shipment wrong parts certification completes memo receivers parts po reference returned repair coordinates efficient flow materials analyzes required capacity processes involved departments ensure smooth timely operation extensive use microsoft office applications following software wds lss cavs ii skills automation closing coaching oral hardware customer support designing direction hand tools inventory iso machinery materials mechanical personnel processes procurement programming progress quality quality control receiving repairs repairing research robotic systems safety scheduling shipping simulation supervisor test equipment troubleshooting written articles
10624813.pdf,"ENGINEERING OPERATIONS DIRECTOR
Executive Profile
Senior Software Executive Senior Software Executive who is a key contributor to strategic planning and product development. Highly skilled at
creating and implementing key software improvements and process changes by uncovering major process limitations, maximizing profitability,
scalability, and competition in the global marketplace. Accomplishments (over last 15 years +) Reported directly to C-level executives and Board
members, successfully bridging the gap between the business and Engineering, implementing strategic plans and ensuring that the engineering teams
are aligned to business goals. Agile expert and evangelist, running software development teams for over 17 years and specifically agile software
development for more that 13 years. Reorganized and transitioned many teams and companies to become smooth running agile groups, drastically
reducing delivery issues, making the work very transparent, empowering team members to become self-directed and accountable to their
commitments. Skilled at managing entire software development process and employees including QA, Project Management, Technical Support, on
and offshore teams, contractors, subsidiaries, and merger/acquisitions. Successfully on-boarded the engineers and technology from an acquired
company and quickly merged their intellectual property (IP) into the main product line. Advocate for strong Engineering Best Practices, including
design & code reviews, paired programming, unit tests and continuous integration testing through automation. Including, establishing leading and
trailing engineering metrics, which provide strong indicators of product quality and delivery schedule. Managed globally distributed teams ranging
from 15-60 people, with P&L responsibilities between $2M - $6M. Teams have been located in US, Germany, Hungary, Russia, China, and
Argentina. Consistently an early adopter of critical trends in methodologies and practices, which transform and refine processes to increase the
delivery of business value.
Skill Highlights
Technology Â· Java Â· Amazon AWS Â· Hibernate Â· PHP Â· EC2 Â· Elastic Search Â· C++ Â· JSMVC Â· JUnit Â· C Â· HTML Â·
Selenium Â· CanJS Â· CSS Â· Aurora Â· PL/SQL Â· Bootstrap Â· Jenkins Â· Oracle Â· Python Â· Phabricator Â· My/SQL Â· AJAX Â·
GitHub Â· JavaScript Â· Camel Â· Jira Â· REST and SOAP services Â· MongoDB Â· Perl
Professional Experience
Engineering Operations Director
January 2014 to Current Company Name ï¼​ City , State
A high growth company, whose suite of services help researchers successfully communicate their work.
Identified misalignment between technical teams and business, reorganized the technical teams and aligned technical metrics to support
business KPIs, increasing revenue and cost savings.
Doubled team to 20 people in 4 months, by introducing a new improved hiring process that quickly filtered out non-qualified candidates and
increased our acceptance rate to over 90%.
Awarded Culture Champion Award.
Director of Software Development
January 2012 to January 2014 Company Name ï¼​ City , State
A non-profit organization devoted to the advancement and well-being of dogs.
Turned around a multiyear software delivery failure, by re-architecting the approach taken, changing the technology used, and transitioning
the team to Agile; putting the software back on budget and on time.
Reduced technical dependency on old technologies by road mapping out a multiyear strategic technology plan, reducing number of
technologies used throughout the department by 50%.
Responsible for web based PCI compliant e-commerce software, connected to an enterprise database.
Chief Operating Officer
January 2010 to January 2012 Company Name ï¼​ City , State
Public safety software and services company focused on enterprise-class software for Fire and EMS Departments.
Implemented a SaaS solution, allowing smaller towns and cities the ability to use and integrate with the Fire and EMS software.
Reduced customer's server upgrade time from 4 days to 4 hours.
Removed the requirement, caused by software limitations, that hard mounted mobile computers be removed from fire trucks and brought
into the IT dept for upgrades.
Reduced a mobile computer's install and upgrade times from 1 day per machine to 2 hours.
Vice President of Engineering
January 2001 to January 2010 Company Name ï¼​ City , State
A mid-sized 3D software company for creating digital models of physical objects, including both 'off-the-shelf' and customized commercial
applications.
The software is used globally in markets such as: rapid prototyping, reverse engineering, inspection, and healthcare.
Grew revenue from $0 to over $16M with a CAGR greater than 30% for 6 consecutive years.
Integral in receiving 6 term sheets of similar valuation resulting in $8M in VC funds in 2008.
Expanded company organically from 22 to 110 employees, coordinated effectively with Sales, Product Development, and Marketing teams
to produce globally competitive products.
Conceived of and implemented critical changes in software architectural designs creating a partner eco- system.
Director of Software Development
January 2000 to January 2001 Company Name ï¼​ City , State
A 30 person company using its patented lens system to project a standard 3D image into a 180 degree.
hemispherical screen using software to convert the flat image to the curved surface without distortion.
Engineering Manager/Senior Software Engineer
January 1996 to January 2000 Company Name ï¼​ City , State
A 60 person company providing B2B and B2C real-time 3D solutions, via the Internet.
Software Engineer
January 1993 to January 1996 Company Name ï¼​ City , State
Software Engineer
January 1989 to January 1993 Company Name ï¼​ City , State
Education
Postgraduate courses in Cognitive and Neural Systems : 1991 Boston University ï¼​ City , State
M. S : Computer Science , 1989 Union College ï¼​ City , State Computer Science Masters Project: A Netless Neural Network - presented on
August 16, 1989 at International Conference on Expert Systems and Neural Networks - Theory & Applications
B. S : Computer Science , 1988 Union College ï¼​ City , State Computer Science
Skills
3D, Agile, AJAX, approach, B2B, budget, C, C++, competitive, CSS, database, delivery, e-commerce, Expert Systems, funds, hiring, HTML,
PHP, image, inspection, Java, JavaScript, Marketing, MongoDB, enterprise, Network, Networks, Neural, Oracle, PL/SQL, PCI, Perl, Product
Development, profit, prototyping, Public safety, Python, real-time 3, receiving 6, requirement, Sales, SOAP, SQL, strategic, upgrades, upgrade,
valuation, VC
",Engineering,engineering operations director executive profile senior software executive senior software executive key contributor strategic planning product development highly skilled creating implementing key software improvements process changes uncovering major process limitations maximizing profitability scalability competition global marketplace accomplishments last years reported directly c level executives board members successfully bridging gap business engineering implementing strategic plans ensuring engineering teams aligned business goals agile expert evangelist running software development teams years specifically agile software development years reorganized transitioned many teams companies become smooth running agile groups drastically reducing delivery issues making work transparent empowering team members become self directed accountable commitments skilled managing entire software development process employees including qa project management technical support offshore teams contractors subsidiaries merger acquisitions successfully boarded engineers technology acquired company quickly merged intellectual property ip main product line advocate strong engineering best practices including design code reviews paired programming unit tests continuous integration testing automation including establishing leading trailing engineering metrics provide strong indicators product quality delivery schedule managed globally distributed teams ranging people p l responsibilities teams located us germany hungary russia china argentina consistently early adopter critical trends methodologies practices transform refine processes increase delivery business value skill highlights technology java amazon aws hibernate php ec elastic search c jsmvc junit c html selenium canjs css aurora pl sql bootstrap jenkins oracle python phabricator sql ajax github javascript camel jira rest soap services mongodb perl professional experience engineering operations director january current company name city state high growth company whose suite services help researchers successfully communicate work identified misalignment technical teams business reorganized technical teams aligned technical metrics support business kpis increasing revenue cost savings doubled team people months introducing new improved hiring process quickly filtered non qualified candidates increased acceptance rate awarded culture champion award director software development january january company name city state non profit organization devoted advancement well dogs turned around multiyear software delivery failure architecting approach taken changing technology used transitioning team agile putting software back budget time reduced technical dependency old technologies road mapping multiyear strategic technology plan reducing number technologies used throughout department responsible web based pci compliant e commerce software connected enterprise database chief operating officer january january company name city state public safety software services company focused enterprise class software fire ems departments implemented saas solution allowing smaller towns cities ability use integrate fire ems software reduced customer server upgrade time days hours removed requirement caused software limitations hard mounted mobile computers removed fire trucks brought dept upgrades reduced mobile computer install upgrade times day per machine hours vice president engineering january january company name city state mid sized software company creating digital models physical objects including shelf customized commercial applications software used globally markets rapid prototyping reverse engineering inspection healthcare grew revenue cagr greater consecutive years integral receiving term sheets similar valuation resulting vc funds expanded company organically employees coordinated effectively sales product development marketing teams produce globally competitive products conceived implemented critical changes software architectural designs creating partner eco system director software development january january company name city state person company using patented lens system project standard image degree hemispherical screen using software convert flat image curved surface without distortion engineering manager senior software engineer january january company name city state person company providing b b b c real time solutions via internet software engineer january january company name city state software engineer january january company name city state education postgraduate courses cognitive neural systems boston university city state computer science union college city state computer science masters project netless neural network presented august international conference expert systems neural networks theory applications b computer science union college city state computer science skills agile ajax approach b b budget c c competitive css database delivery e commerce expert systems funds hiring html php image inspection java javascript marketing mongodb enterprise network networks neural oracle pl sql pci perl product development profit prototyping public safety python real time receiving requirement sales soap sql strategic upgrades upgrade valuation vc
10712803.pdf,"ENGINEERING SERVICES MANAGER
Executive Profile
A results driven Controls Engineer and Project Manager with over 20 years of experience in manufacturing. Skilled in Industrial Automation and
Process Engineering with a strong mechanical design background. Proven ability to lead and motivate high performance teams. History of building
systems with improved functionality and productivity, consistently meeting critical requirements.
Skill Highlights
Proficient in process engineering and applying process needs to
Proficient in process engineering and applying process needs to
available technology to improve production availability and
available technology to improve production runablility and uptime.
uptime.
Professional Experience
Engineering Services Manager 02/2013 ï¼​ 08/2015 Company Name City , State
Accountable for maintaining the efficiency and effectiveness of all production manufacturing processes required to manufacture a high quality
product in a repeatable and cost effective manner and provide overall customer satisfaction.
Manage all engineering services with provision of all energy sources. Accountable for all mechanical repairs, design and construction within
all departments and the resources engaged in the provision of these services both internal and external.
Support waste water operations by providing advanced troubleshooting on Siemens PLC's. Configured WINCC SCADA system.
Ensure that all expenditures both in supplies and staffing are optimized and maintained within budget.
Developed asset management software to track cost, asset history and work order tracking.
Performed advanced troubleshooting and PLC support for all plant equipment.
Electrical Superintendent 05/2008 ï¼​ 02/2013 Company Name City , State
Primary responsibilities include supervising and coordinating all electrical and instrumentation activities.
Accountable for the proper operation of all automation and controls on production equipment, power distribution systems, plant
communications (phones, networks) and security systems.
Managed projects for installation of new equipment, from design concept to installation and start up.
Managed large network of Allen-Bradley PLC's, including ControLogix, CompactLogix and micro controllers with FactoryTalk View ME
and SE human machine interfaces.
Managed the installation and startup of several new projects over $1MM: HG Molenaar cooker/cooler, Buscetto steam peeler, Navatta
steam peeler, Zilli-Bellini diced tomato filling line.
Perform advanced troubleshooting and PLC support for all plant equipment.
Trained electricians and instrument technicians in advanced VFD troubleshooting and configuration, PLC programming, process control and
applicable regulations including NFPA 70E and NEC codes.
Project Manager 05/2005 ï¼​ 05/2008 Company Name City , State
Responsible to review and interpret proposed designs, drawings, and specifications for suitability and initiate revisions where appropriate.
Managed a team of 5 engineers in the design of various machine sections to ensure on-time project completion.
Supervised the mechanical and electrical assembly of equipment to ensure that sections are completed on time and meet customer specs.
Managed cross-functional teams to insure on time installation of equipment at customers facilities.
Coordinated with vendors and other contractors to complete equipment installation.
Developed and administered project budgets and fiscal controls, contracts, and quality control provisions for projects.
Facility Supervisor 04/2004 ï¼​ 05/2005 Company Name City , State
Managed the activities of 6 maintenance personnel.
Accountable for projects involving the construction of new buildings and facilities, also the alteration or modification of existing units.
Performed advanced troubleshooting and repairs on production equipment, such as hydraulic presses, autoclaves and other equipment used
in composite molding.
Design, layout and installation of industrial automation used in production equipment.
PLC and HMI programming, primarily Allen-Bradley SLC500 platform.
Maintenance Manager/Safety & Environmental Manager 01/1996 ï¼​ 04/2004 Company Name City , State
Tyco purchased the facility in 2001.
Managed the operations and activities of plant maintenance and engineering personnel.
Accountable for compliance with applicable federal, state and local laws and regulations, securing all required permits, and coordinating with
local authorities.
Maintain a proficiency and applied understanding of all aspects of plant engineering including: Electrical systems - Circuit planning, Power
distribution, Illumination, Instrumentation and controls, Electrical machinery, Codes and standards.
Mechanical Systems - HVAC, Pumps piping and plumbing, Compressors and compressed air systems, Power transmission, Material
handling and storage, Fire protection, Structural design and analysis, Building and life safety codes.
Maintenance - Systems reliability, Understanding drawings and specifications, Maintenance programs and management, Preventive and
predictive maintenance practices, Maintenance parts and supplies inventory management, Building and grounds, Housekeeping.
Administration and Supervision - Manpower planning, Personnel development, Labor relations, Project administration and management,
Record keeping.
Environmental, Safety and Health management - Noise control, Air quality control, Water quality control, Solid waste handling, Hazardous
materials controls, Regulations codes and standards.
Responsible for the installation, programming, maintenance and operation of new material handling control system.
Created custom database and production/accounting programs with Microsoft Access.
Performed advanced troubleshooting on all plant equipment.
Converted antiquated Modicon PLC control system to Allen-Bradley PLC with Wonderware man machine interface(HMI).
Trained plant maintenance personnel on PLC programming, AC/DC drive troubleshooting and advanced electrical controls troubleshooting.
Maintenance Technician 04/1995 ï¼​ 12/1995 Company Name City , State
Performed routine electrical and mechanical maintenance and emergency repairs on automated PLC controlled conveyors, pallet wrappers,
burn-in towers and other equipment used in the assembly of Apple computers.
Completed PLC logic changes from verbal or written instruction and maintained logic backups with revision history.
Electrician 08/1991 ï¼​ 04/1995 Company Name City , State
Responsible for repairing and maintaining plastic extrusion equipment in the production of plastic bags and stretch pallet wrap.
Performed process troubleshooting of entire production lines, including programmable logic controllers (PLC's), AC inverters and DC
drives, AC and DC motors and all associated control equipment.
Maintained all aspects of plant utilities including chillers, air compressors and power distribution.
Completed electrical installations from blueprints, sketches or verbal instructions with little or no supervision.
Designed and implemented a Computerized Maintenance Management System(CMMS) that allowed for more efficient tracking of
maintenance resources and cost.
Helped set up and run a successful predictive/preventive maintenance program that greatly reduced cost of emergency repairs.
Instructed other electricians in maintenance and troubleshooting of AC and DC drives and P.L.C.
programming.
Microwave Communications Technician 02/1987 ï¼​ 04/1991 Company Name City , State
Worked for a rebuild facility doing repairs and overhauls of a wide variety of communications equipment. Primary job was to rebuild
microwave communications equipment. Also repaired UHF and VHF radios.
Created a computerized inventory control program that greatly reduced the amount of man-hours required to perform quarterly inventories.
Education
2015 Certificate of Completion : AIB - HACCP Online Course - Haccp/Food Safety
2004 Select One : Yuba Community College - Business Management City , State
Coursework in Business Management
2003 NEEC Building Operator Certification : Butte College - Basic Electronics, Drafting City , State
1985 High School Diploma : Elk Creek High School City , State
Select One : Better Process Control School City , State , USA
Level 1 : NEEC Building Operator
Skills
accounting, Apple computers, asset management, automation, basic, blueprints, budgets, budget, C, CA, hardware, concept, contracts, client,
database, DC, delivery, design and construction, directing, Electrical systems, electronics, equipment installation, filling, Fire protection, Food
safety, Hammer, HVAC, instruction, inventory management, inventory control, Labor relations, layout, logic, Logistics, machinery, maintenance
schedules, manufacturing processes, materials, Mechanical, Microsoft Access, 2000, Microsoft NT server, Microsoft Windows NT Server,
microwave, NEC, network, networks, Novell, Personnel, PLC programming, PLC, plumbing, Power distribution, process control, process
engineering, Programming, quality, quality control, radio, Record keeping, repairs, repairing, Safety, safety codes, SCADA, Siemens PLC,
staffing, supervising, Supervision, surveys, technical support, phones, transmission, troubleshooting, UHF, utilities, validation, VHF, View, Water
quality, Wonderware, written
",Engineering,engineering services manager executive profile results driven controls engineer project manager years experience manufacturing skilled industrial automation process engineering strong mechanical design background proven ability lead motivate high performance teams history building systems improved functionality productivity consistently meeting critical requirements skill highlights proficient process engineering applying process needs proficient process engineering applying process needs available technology improve production availability available technology improve production runablility uptime uptime professional experience engineering services manager company name city state accountable maintaining efficiency effectiveness production manufacturing processes required manufacture high quality product repeatable cost effective manner provide overall customer satisfaction manage engineering services provision energy sources accountable mechanical repairs design construction within departments resources engaged provision services internal external support waste water operations providing advanced troubleshooting siemens plc configured wincc scada system ensure expenditures supplies staffing optimized maintained within budget developed asset management software track cost asset history work order tracking performed advanced troubleshooting plc support plant equipment electrical superintendent company name city state primary responsibilities include supervising coordinating electrical instrumentation activities accountable proper operation automation controls production equipment power distribution systems plant communications phones networks security systems managed projects installation new equipment design concept installation start managed large network allen bradley plc including contrologix compactlogix micro controllers factorytalk view se human machine interfaces managed installation startup several new projects mm hg molenaar cooker cooler buscetto steam peeler navatta steam peeler zilli bellini diced tomato filling line perform advanced troubleshooting plc support plant equipment trained electricians instrument technicians advanced vfd troubleshooting configuration plc programming process control applicable regulations including nfpa e nec codes project manager company name city state responsible review interpret proposed designs drawings specifications suitability initiate revisions appropriate managed team engineers design various machine sections ensure time project completion supervised mechanical electrical assembly equipment ensure sections completed time meet customer specs managed cross functional teams insure time installation equipment customers facilities coordinated vendors contractors complete equipment installation developed administered project budgets fiscal controls contracts quality control provisions projects facility supervisor company name city state managed activities maintenance personnel accountable projects involving construction new buildings facilities also alteration modification existing units performed advanced troubleshooting repairs production equipment hydraulic presses autoclaves equipment used composite molding design layout installation industrial automation used production equipment plc hmi programming primarily allen bradley slc platform maintenance manager safety environmental manager company name city state tyco purchased facility managed operations activities plant maintenance engineering personnel accountable compliance applicable federal state local laws regulations securing required permits coordinating local authorities maintain proficiency applied understanding aspects plant engineering including electrical systems circuit planning power distribution illumination instrumentation controls electrical machinery codes standards mechanical systems hvac pumps piping plumbing compressors compressed air systems power transmission material handling storage fire protection structural design analysis building life safety codes maintenance systems reliability understanding drawings specifications maintenance programs management preventive predictive maintenance practices maintenance parts supplies inventory management building grounds housekeeping administration supervision manpower planning personnel development labor relations project administration management record keeping environmental safety health management noise control air quality control water quality control solid waste handling hazardous materials controls regulations codes standards responsible installation programming maintenance operation new material handling control system created custom database production accounting programs microsoft access performed advanced troubleshooting plant equipment converted antiquated modicon plc control system allen bradley plc wonderware man machine interface hmi trained plant maintenance personnel plc programming ac dc drive troubleshooting advanced electrical controls troubleshooting maintenance technician company name city state performed routine electrical mechanical maintenance emergency repairs automated plc controlled conveyors pallet wrappers burn towers equipment used assembly apple computers completed plc logic changes verbal written instruction maintained logic backups revision history electrician company name city state responsible repairing maintaining plastic extrusion equipment production plastic bags stretch pallet wrap performed process troubleshooting entire production lines including programmable logic controllers plc ac inverters dc drives ac dc motors associated control equipment maintained aspects plant utilities including chillers air compressors power distribution completed electrical installations blueprints sketches verbal instructions little supervision designed implemented computerized maintenance management system cmms allowed efficient tracking maintenance resources cost helped set run successful predictive preventive maintenance program greatly reduced cost emergency repairs instructed electricians maintenance troubleshooting ac dc drives p l c programming microwave communications technician company name city state worked rebuild facility repairs overhauls wide variety communications equipment primary job rebuild microwave communications equipment also repaired uhf vhf radios created computerized inventory control program greatly reduced amount man hours required perform quarterly inventories education certificate completion aib haccp online course haccp food safety select one yuba community college business management city state coursework business management neec building operator certification butte college basic electronics drafting city state high school diploma elk creek high school city state select one better process control school city state usa level neec building operator skills accounting apple computers asset management automation basic blueprints budgets budget c ca hardware concept contracts client database dc delivery design construction directing electrical systems electronics equipment installation filling fire protection food safety hammer hvac instruction inventory management inventory control labor relations layout logic logistics machinery maintenance schedules manufacturing processes materials mechanical microsoft access microsoft nt server microsoft windows nt server microwave nec network networks novell personnel plc programming plc plumbing power distribution process control process engineering programming quality quality control radio record keeping repairs repairing safety safety codes scada siemens plc staffing supervising supervision surveys technical support phones transmission troubleshooting uhf utilities validation vhf view water quality wonderware written
10985403.pdf,"MECHANICAL ENGINEERING INTERN
Summary
CAD | CAM | Finite Element Analysis | Mechanical Design | Product Design and Development
Skills
5 years of experience with CAD packages (SolidWorks, Autodesk Inventor, AutoCAD, CATIA, PTC CREO)
2.5 years of experience with CAE Softwares (HyperMesh, Abaqus, ANSYS, Optistruct)
2.5 years of experience with Analysis (Linear & Non-linear Static, Dynamic, GD & T, Tolerance Analysis, Design Optimization)
Experience with Sheet metal, Design for manufacturing, generating Bill of Materials, DFMEA, Sculpting.
Experience with advanced material selection for rapid prototyping, advanced manufacturing, welding and 3D printing.
Experience
09/2013 to 05/2014
Company Name
Finite Element Analysis of Industrial Robotic Assembly, Illinois Institute of Technology, Chicago Jan - May 2016.
Conceptualized, brainstormed and designed a 6-axis SCARA Robot for pick and place operation in automotive industry.
Performed static analysis with stainless steel 304 to evaluate the maximum load an assembly can lift before yielding.
Also, analyzed Gripper and joints to eradicate future failures.
Optimized design using OptiStruct by varying mesh sizes and element order.
Simulated assembly with dynamic analysis to find distorted elements and to verify optimized structure.
Reliability Engineering Analysis on Automotive Oil Pump, Illinois Institute of Technology, Chicago Sept - Dec 2015.
Used industrial reliability specifications to select the power consumption and flow rate at three distinct levels of rpm to study its variability.
Improved system using Taguchi analysis by optimizing signal to noise ratio.
Conducted Failure Mode Effect Analysis (FMEA) to analyze potential causes of failures to deliver clean oil upon demand Abstracted and
designed Near Dry Machine with two inlet nozzles.
Performed fluid analysis and actual results on lathe machine.
Provided vegetable oil as a coolant with pressurized air on flank face of the tool, which resulted in unburnt and recyclable chips.
Gearbox Design, Narsee Monjee Institute of Management Studies, Mumbai Jan - May 2013.
Designed a gear box with different gears such as spur, helical worm by considering seals, lubricating oil and bearings.
Assigned materials and performed dynamic simulation to define contact surfaces.
06/2013 to 08/2013
Mechanical Engineering Intern Company Name
Initiated a project to perform a failure investigation in mufflers due to the low clearance of roads and provided feedback.
Established and coordinated maintenance, GD&T, safety procedures, service schedule and supply of materials in the maintenance shop.
Developed failure reports including feedback based on common failures from the automotive industry.
Set up and calibrated accelerometers on Hyundai cars to conduct tests to analyze the modes of vibration of vehicle and the steering column.
05/2012 to 07/2012
Manufacturing Engineering Intern Company Name
Analyzed automation, process parameters, different equipment to shape and control the profile of chips and Manufacturing process of Hot
Strip Coil.
Re-designed the existing shop floor to improve space utilization, increase material flow, optimize labor and reduce holding costs by 5% and
improved space utilization by 20%.
Performed statistical analysis on historical data of the operating parameters using SPC and DOE's to identify significant factors contributing
to process deviation and affecting the cold crushing strength of the pellet.
Generated Bill of Materials and calculated overall manufacturing cost.
Education and Training
May 2017
Master's : Mechanical & Aerospace Engineering Illinois Institute of Technology (IIT) ï¼​ City , State Mechanical & Aerospace Engineering 3.5/4.0
Advanced CAD/CAM, Engineering Analysis, Finite Element Analysis, Advanced Manufacturing
May 2014
Bachelor of Technology : Mechanical Engineering Narsee Monjee Institute of Management Studies ï¼​ City India Mechanical Engineering 3.19/4.0
Work History
Company Name
Certifications
Autodesk Certified Professional in Autodesk Inventor Professional Software. (License # 00313355) *Autodesk Certified Associate in AutoCAD
Software. (License # 00296190)
Publications
Parekh R., Chaudhary R., Ingle A. (PhD), ""Reliability of Dissimilar Metal Joints using Fusion Welding: A Review"" presented at the International
Conference on Machine learning, Electrical and Mechanical Engineering (ICMLEME'2014), Dubai (UAE)
Skills
3D, ANSYS, AutoCAD, automation, Automotive, CAD/CAM, CAD, CATIA, Dec, Engineering Analysis, lathe, Manufacturing process,
Materials, material selection, Oil, Optimization, pick, prototyping, Robotic, safety, simulation, SolidWorks, SPC, statistical analysis, welding
",Engineering,mechanical engineering intern summary cad cam finite element analysis mechanical design product design development skills years experience cad packages solidworks autodesk inventor autocad catia ptc creo years experience cae softwares hypermesh abaqus ansys optistruct years experience analysis linear non linear static dynamic gd tolerance analysis design optimization experience sheet metal design manufacturing generating bill materials dfmea sculpting experience advanced material selection rapid prototyping advanced manufacturing welding printing experience company name finite element analysis industrial robotic assembly illinois institute technology chicago jan may conceptualized brainstormed designed axis scara robot pick place operation automotive industry performed static analysis stainless steel evaluate maximum load assembly lift yielding also analyzed gripper joints eradicate future failures optimized design using optistruct varying mesh sizes element order simulated assembly dynamic analysis find distorted elements verify optimized structure reliability engineering analysis automotive oil pump illinois institute technology chicago sept dec used industrial reliability specifications select power consumption flow rate three distinct levels rpm study variability improved system using taguchi analysis optimizing signal noise ratio conducted failure mode effect analysis fmea analyze potential causes failures deliver clean oil upon demand abstracted designed near dry machine two inlet nozzles performed fluid analysis actual results lathe machine provided vegetable oil coolant pressurized air flank face tool resulted unburnt recyclable chips gearbox design narsee monjee institute management studies mumbai jan may designed gear box different gears spur helical worm considering seals lubricating oil bearings assigned materials performed dynamic simulation define contact surfaces mechanical engineering intern company name initiated project perform failure investigation mufflers due low clearance roads provided feedback established coordinated maintenance gd safety procedures service schedule supply materials maintenance shop developed failure reports including feedback based common failures automotive industry set calibrated accelerometers hyundai cars conduct tests analyze modes vibration vehicle steering column manufacturing engineering intern company name analyzed automation process parameters different equipment shape control profile chips manufacturing process hot strip coil designed existing shop floor improve space utilization increase material flow optimize labor reduce holding costs improved space utilization performed statistical analysis historical data operating parameters using spc doe identify significant factors contributing process deviation affecting cold crushing strength pellet generated bill materials calculated overall manufacturing cost education training may master mechanical aerospace engineering illinois institute technology iit city state mechanical aerospace engineering advanced cad cam engineering analysis finite element analysis advanced manufacturing may bachelor technology mechanical engineering narsee monjee institute management studies city india mechanical engineering work history company name certifications autodesk certified professional autodesk inventor professional software license autodesk certified associate autocad software license publications parekh r chaudhary r ingle phd reliability dissimilar metal joints using fusion welding review presented international conference machine learning electrical mechanical engineering icmleme dubai uae skills ansys autocad automation automotive cad cam cad catia dec engineering analysis lathe manufacturing process materials material selection oil optimization pick prototyping robotic safety simulation solidworks spc statistical analysis welding
